<?xml version="1.0" encoding="UTF-8"?>
<document type="com.apple.InterfaceBuilder3.CocoaTouch.Storyboard.XIB" version="3.0" toolsVersion="19529" targetRuntime="iOS.CocoaTouch" propertyAccessControl="none" useAutolayout="YES" useTraitCollections="YES" useSafeAreas="YES" colorMatched="YES" initialViewController="Hhm-eH-qi6">
    <device id="retina6_1" orientation="portrait" appearance="light"/>
    <dependencies>
        <plugIn identifier="com.apple.InterfaceBuilder.IBCocoaTouchPlugin" version="19519"/>
        <capability name="Safe area layout guides" minToolsVersion="9.0"/>
        <capability name="System colors in document resources" minToolsVersion="11.0"/>
        <capability name="documents saved in the Xcode 8 format" minToolsVersion="8.0"/>
    </dependencies>
    <scenes>
        <!--View Controller-->
        <scene sceneID="tne-QT-ifu">
            <objects>
                <viewController id="BYZ-38-t0r" customClass="ViewController" customModule="LandmarkBook" customModuleProvider="target" sceneMemberID="viewController">
                    <view key="view" contentMode="scaleToFill" id="8bC-Xf-vdC">
                        <rect key="frame" x="0.0" y="0.0" width="414" height="896"/>
                        <autoresizingMask key="autoresizingMask" widthSizable="YES" heightSizable="YES"/>
                        <subviews>
                            <tableView clipsSubviews="YES" contentMode="scaleToFill" alwaysBounceVertical="YES" dataMode="prototypes" style="plain" separatorStyle="default" rowHeight="-1" estimatedRowHeight="-1" sectionHeaderHeight="-1" estimatedSectionHeaderHeight="-1" sectionFooterHeight="-1" estimatedSectionFooterHeight="-1" translatesAutoresizingMaskIntoConstraints="NO" id="g0l-dn-ELU">
                                <rect key="frame" x="0.0" y="88" width="414" height="774"/>
                                <color key="backgroundColor" systemColor="systemBackgroundColor"/>
                            </tableView>
                        </subviews>
                        <viewLayoutGuide key="safeArea" id="6Tk-OE-BBY"/>
                        <color key="backgroundColor" systemColor="systemBackgroundColor"/>
                        <constraints>
                            <constraint firstItem="6Tk-OE-BBY" firstAttribute="bottom" secondItem="g0l-dn-ELU" secondAttribute="bottom" id="7kI-qU-fc9"/>
                            <constraint firstItem="g0l-dn-ELU" firstAttribute="leading" secondItem="6Tk-OE-BBY" secondAttribute="leading" id="8Hj-pi-zrZ"/>
                            <constraint firstItem="g0l-dn-ELU" firstAttribute="top" secondItem="6Tk-OE-BBY" secondAttribute="top" id="Byh-pK-yyh"/>
                            <constraint firstItem="6Tk-OE-BBY" firstAttribute="trailing" secondItem="g0l-dn-ELU" secondAttribute="trailing" id="ZGX-uL-8JT"/>
                        </constraints>
                    </view>
                    <navigationItem key="navigationItem" id="eys-Dm-YbG"/>
                    <connections>
                        <outlet property="tableView" destination="g0l-dn-ELU" id="w8f-Qy-lf0"/>
                        <segue destination="oQg-vi-A1e" kind="show" identifier="toImageViewController" id="ONK-aF-3PA"/>
                    </connections>
                </viewController>
                <placeholder placeholderIdentifier="IBFirstResponder" id="dkx-z0-nzr" sceneMemberID="firstResponder"/>
            </objects>
            <point key="canvasLocation" x="1047.8260869565217" y="101.78571428571428"/>
        </scene>
        <!--Image View Controller-->
        <scene sceneID="WXE-YN-JQ6">
            <objects>
                <viewController id="oQg-vi-A1e" customClass="imageViewController" customModule="LandmarkBook" customModuleProvider="target" sceneMemberID="viewController">
                    <view key="view" contentMode="scaleToFill" id="2WD-cZ-Wsu">
                        <rect key="frame" x="0.0" y="0.0" width="414" height="896"/>
                        <autoresizingMask key="autoresizingMask" widthSizable="YES" heightSizable="YES"/>
                        <subviews>
                            <imageView clipsSubviews="YES" userInteractionEnabled="NO" contentMode="scaleAspectFit" horizontalHuggingPriority="251" verticalHuggingPriority="251" translatesAutoresizingMaskIntoConstraints="NO" id="lXM-cZ-23M">
                                <rect key="frame" x="87" y="111" width="240" height="248"/>
                            </imageView>
                            <label opaque="NO" userInteractionEnabled="NO" contentMode="left" horizontalHuggingPriority="251" verticalHuggingPriority="251" text="Label" textAlignment="center" lineBreakMode="tailTruncation" baselineAdjustment="alignBaselines" adjustsFontSizeToFit="NO" translatesAutoresizingMaskIntoConstraints="NO" id="SIv-6l-Tde">
                                <rect key="frame" x="96" y="398" width="222" height="73"/>
                                <constraints>
                                    <constraint firstAttribute="height" constant="73" id="ZVT-pI-NEX"/>
                                </constraints>
                                <fontDescription key="fontDescription" type="system" pointSize="17"/>
                                <nil key="textColor"/>
                                <nil key="highlightedColor"/>
                            </label>
                        </subviews>
                        <viewLayoutGuide key="safeArea" id="5v6-kE-oER"/>
                        <color key="backgroundColor" systemColor="systemBackgroundColor"/>
                        <constraints>
                            <constraint firstItem="lXM-cZ-23M" firstAttribute="centerX" secondItem="2WD-cZ-Wsu" secondAttribute="centerX" id="0Lb-Fl-cig"/>
                            <constraint firstItem="SIv-6l-Tde" firstAttribute="top" secondItem="lXM-cZ-23M" secondAttribute="bottom" constant="39" id="1aN-Jt-KWZ"/>
                            <constraint firstItem="lXM-cZ-23M" firstAttribute="top" secondItem="5v6-kE-oER" secondAttribute="top" constant="23" id="QAE-PH-nML"/>
                            <constraint firstItem="lXM-cZ-23M" firstAttribute="leading" secondItem="5v6-kE-oER" secondAttribute="leading" constant="87" id="ZkB-RN-QUT"/>
                            <constraint firstItem="SIv-6l-Tde" firstAttribute="leading" secondItem="5v6-kE-oER" secondAttribute="leading" constant="96" id="byo-qx-Zox"/>
                            <constraint firstItem="lXM-cZ-23M" firstAttribute="centerX" secondItem="SIv-6l-Tde" secondAttribute="centerX" id="m8l-X4-S49"/>
                            <constraint firstItem="5v6-kE-oER" firstAttribute="bottom" secondItem="SIv-6l-Tde" secondAttribute="bottom" constant="391" id="oCD-VA-SmY"/>
                        </constraints>
                    </view>
                    <navigationItem key="navigationItem" id="q2n-FX-uu5"/>
                    <connections>
                        <outlet property="imageView" destination="lXM-cZ-23M" id="Zng-En-qtF"/>
                        <outlet property="landmarkLabel" destination="SIv-6l-Tde" id="Q5W-f3-QFS"/>
                    </connections>
                </viewController>
                <placeholder placeholderIdentifier="IBFirstResponder" id="Ggo-8H-lC0" userLabel="First Responder" customClass="UIResponder" sceneMemberID="firstResponder"/>
            </objects>
            <point key="canvasLocation" x="1757.9710144927537" y="118.52678571428571"/>
        </scene>
        <!--Navigation Controller-->
        <scene sceneID="P1D-n8-1JO">
            <objects>
                <navigationController automaticallyAdjustsScrollViewInsets="NO" id="Hhm-eH-qi6" sceneMemberID="viewController">
                    <toolbarItems/>
                    <navigationBar key="navigationBar" contentMode="scaleToFill" id="TRY-8Z-2Fe">
                        <rect key="frame" x="0.0" y="44" width="414" height="44"/>
                        <autoresizingMask key="autoresizingMask"/>
                    </navigationBar>
                    <nil name="viewControllers"/>
                    <connections>
                        <segue destination="BYZ-38-t0r" kind="relationship" relationship="rootViewController" id="dyl-sC-6p5"/>
                    </connections>
                </navigationController>
                <placeholder placeholderIdentifier="IBFirstResponder" id="O0z-bN-T3o" userLabel="First Responder" customClass="UIResponder" sceneMemberID="firstResponder"/>
            </objects>
            <point key="canvasLocation" x="137.68115942028987" y="101.78571428571428"/>
        </scene>
    </scenes>
    <resources>
        <systemColor name="systemBackgroundColor">
            <color white="1" alpha="1" colorSpace="custom" customColorSpace="genericGamma22GrayColorSpace"/>
        </systemColor>
    </resources>
</document>
