<?xml version="1.0" encoding="UTF-8"?>
<document type="com.apple.InterfaceBuilder3.CocoaTouch.Storyboard.XIB" version="3.0" toolsVersion="19529" targetRuntime="iOS.CocoaTouch" propertyAccessControl="none" useAutolayout="YES" useTraitCollections="YES" useSafeAreas="YES" colorMatched="YES" initialViewController="BYZ-38-t0r">
    <device id="retina6_1" orientation="portrait" appearance="light"/>
    <dependencies>
        <plugIn identifier="com.apple.InterfaceBuilder.IBCocoaTouchPlugin" version="19519"/>
        <capability name="Safe area layout guides" minToolsVersion="9.0"/>
        <capability name="System colors in document resources" minToolsVersion="11.0"/>
        <capability name="documents saved in the Xcode 8 format" minToolsVersion="8.0"/>
    </dependencies>
    <scenes>
        <!--View Controller-->
        <scene sceneID="tne-QT-ifu">
            <objects>
                <viewController id="BYZ-38-t0r" customClass="ViewController" customModule="CryptoCrazy" customModuleProvider="target" sceneMemberID="viewController">
                    <view key="view" contentMode="scaleToFill" id="8bC-Xf-vdC">
                        <rect key="frame" x="0.0" y="0.0" width="414" height="896"/>
                        <autoresizingMask key="autoresizingMask" widthSizable="YES" heightSizable="YES"/>
                        <subviews>
                            <tableView clipsSubviews="YES" contentMode="scaleToFill" alwaysBounceVertical="YES" dataMode="prototypes" style="plain" separatorStyle="default" rowHeight="-1" estimatedRowHeight="-1" sectionHeaderHeight="-1" estimatedSectionHeaderHeight="-1" sectionFooterHeight="-1" estimatedSectionFooterHeight="-1" translatesAutoresizingMaskIntoConstraints="NO" id="P5E-R9-la8">
                                <rect key="frame" x="0.0" y="32" width="414" height="818"/>
                                <color key="backgroundColor" systemColor="systemBackgroundColor"/>
                                <prototypes>
                                    <tableViewCell clipsSubviews="YES" contentMode="scaleToFill" insetsLayoutMarginsFromSafeArea="NO" selectionStyle="blue" hidesAccessoryWhenEditing="NO" indentationLevel="1" indentationWidth="0.0" reuseIdentifier="CryptoCell" rowHeight="138" id="N9m-x3-beN" customClass="CryptoTableViewCell" customModule="CryptoCrazy" customModuleProvider="target">
                                        <rect key="frame" x="0.0" y="44.5" width="414" height="138"/>
                                        <autoresizingMask key="autoresizingMask"/>
                                        <tableViewCellContentView key="contentView" opaque="NO" clipsSubviews="YES" multipleTouchEnabled="YES" contentMode="center" insetsLayoutMarginsFromSafeArea="NO" tableViewCell="N9m-x3-beN" id="gzT-kJ-mar">
                                            <rect key="frame" x="0.0" y="0.0" width="414" height="138"/>
                                            <autoresizingMask key="autoresizingMask"/>
                                            <subviews>
                                                <label opaque="NO" userInteractionEnabled="NO" contentMode="left" horizontalHuggingPriority="251" verticalHuggingPriority="251" text="Label" textAlignment="natural" lineBreakMode="tailTruncation" baselineAdjustment="alignBaselines" adjustsFontSizeToFit="NO" translatesAutoresizingMaskIntoConstraints="NO" id="D5n-sB-b7N">
                                                    <rect key="frame" x="20" y="73" width="374" height="35"/>
                                                    <constraints>
                                                        <constraint firstAttribute="height" constant="35" id="s42-QZ-cqB"/>
                                                    </constraints>
                                                    <fontDescription key="fontDescription" type="system" pointSize="17"/>
                                                    <nil key="textColor"/>
                                                    <nil key="highlightedColor"/>
                                                </label>
                                                <label opaque="NO" userInteractionEnabled="NO" contentMode="left" horizontalHuggingPriority="251" verticalHuggingPriority="251" text="Label" textAlignment="natural" lineBreakMode="tailTruncation" baselineAdjustment="alignBaselines" adjustsFontSizeToFit="NO" translatesAutoresizingMaskIntoConstraints="NO" id="keZ-ks-A9U">
                                                    <rect key="frame" x="20" y="11" width="374" height="36"/>
                                                    <constraints>
                                                        <constraint firstAttribute="width" constant="374" id="Gin-uS-xL1"/>
                                                    </constraints>
                                                    <fontDescription key="fontDescription" type="system" pointSize="17"/>
                                                    <nil key="textColor"/>
                                                    <nil key="highlightedColor"/>
                                                </label>
                                            </subviews>
                                            <constraints>
                                                <constraint firstItem="keZ-ks-A9U" firstAttribute="top" secondItem="gzT-kJ-mar" secondAttribute="topMargin" id="28D-UZ-dHG"/>
                                                <constraint firstAttribute="bottomMargin" secondItem="D5n-sB-b7N" secondAttribute="bottom" constant="19" id="5aT-z6-sh0"/>
                                                <constraint firstItem="keZ-ks-A9U" firstAttribute="leading" secondItem="gzT-kJ-mar" secondAttribute="leadingMargin" id="8UV-o9-mzq"/>
                                                <constraint firstItem="keZ-ks-A9U" firstAttribute="leading" secondItem="D5n-sB-b7N" secondAttribute="leading" id="Fhn-M0-yLd"/>
                                                <constraint firstItem="keZ-ks-A9U" firstAttribute="trailing" secondItem="D5n-sB-b7N" secondAttribute="trailing" id="cyG-1K-h6j"/>
                                                <constraint firstItem="D5n-sB-b7N" firstAttribute="top" secondItem="keZ-ks-A9U" secondAttribute="bottom" constant="26" id="xOB-cg-rgJ"/>
                                            </constraints>
                                        </tableViewCellContentView>
                                        <connections>
                                            <outlet property="currencyText" destination="keZ-ks-A9U" id="tRC-Cj-S0v"/>
                                            <outlet property="priceText" destination="D5n-sB-b7N" id="pHC-rM-Vk7"/>
                                        </connections>
                                    </tableViewCell>
                                </prototypes>
                            </tableView>
                        </subviews>
                        <viewLayoutGuide key="safeArea" id="6Tk-OE-BBY"/>
                        <color key="backgroundColor" systemColor="systemBackgroundColor"/>
                        <constraints>
                            <constraint firstItem="P5E-R9-la8" firstAttribute="centerX" secondItem="8bC-Xf-vdC" secondAttribute="centerX" id="37k-W0-cEe"/>
                            <constraint firstItem="P5E-R9-la8" firstAttribute="top" secondItem="8bC-Xf-vdC" secondAttribute="topMargin" constant="-12" id="5rH-P4-fma"/>
                            <constraint firstItem="6Tk-OE-BBY" firstAttribute="bottom" secondItem="P5E-R9-la8" secondAttribute="bottom" constant="12" id="S09-FH-Iji"/>
                            <constraint firstItem="P5E-R9-la8" firstAttribute="leading" secondItem="6Tk-OE-BBY" secondAttribute="leading" id="yHd-j4-j8S"/>
                        </constraints>
                    </view>
                    <connections>
                        <outlet property="tableView" destination="P5E-R9-la8" id="Meb-Gy-p0N"/>
                    </connections>
                </viewController>
                <placeholder placeholderIdentifier="IBFirstResponder" id="dkx-z0-nzr" sceneMemberID="firstResponder"/>
            </objects>
            <point key="canvasLocation" x="18.840579710144929" y="83.705357142857139"/>
        </scene>
    </scenes>
    <resources>
        <systemColor name="systemBackgroundColor">
            <color white="1" alpha="1" colorSpace="custom" customColorSpace="genericGamma22GrayColorSpace"/>
        </systemColor>
    </resources>
</document>
