<?xml version="1.0" encoding="UTF-8"?>
<document type="com.apple.InterfaceBuilder3.CocoaTouch.Storyboard.XIB" version="3.0" toolsVersion="19529" targetRuntime="iOS.CocoaTouch" propertyAccessControl="none" useAutolayout="YES" useTraitCollections="YES" useSafeAreas="YES" colorMatched="YES" initialViewController="SxL-O5-aZe">
    <device id="retina6_1" orientation="portrait" appearance="light"/>
    <dependencies>
        <plugIn identifier="com.apple.InterfaceBuilder.IBCocoaTouchPlugin" version="19519"/>
        <capability name="Safe area layout guides" minToolsVersion="9.0"/>
        <capability name="System colors in document resources" minToolsVersion="11.0"/>
        <capability name="documents saved in the Xcode 8 format" minToolsVersion="8.0"/>
    </dependencies>
    <scenes>
        <!--View Controller-->
        <scene sceneID="tne-QT-ifu">
            <objects>
                <viewController id="BYZ-38-t0r" customClass="ViewController" customModule="ArtBookProject" customModuleProvider="target" sceneMemberID="viewController">
                    <view key="view" contentMode="scaleToFill" id="8bC-Xf-vdC">
                        <rect key="frame" x="0.0" y="0.0" width="414" height="896"/>
                        <autoresizingMask key="autoresizingMask" widthSizable="YES" heightSizable="YES"/>
                        <subviews>
                            <tableView clipsSubviews="YES" contentMode="scaleToFill" alwaysBounceVertical="YES" dataMode="prototypes" style="plain" separatorStyle="default" rowHeight="-1" estimatedRowHeight="-1" sectionHeaderHeight="-1" estimatedSectionHeaderHeight="-1" sectionFooterHeight="-1" estimatedSectionFooterHeight="-1" translatesAutoresizingMaskIntoConstraints="NO" id="w86-9l-ShH">
                                <rect key="frame" x="0.0" y="88" width="414" height="774"/>
                                <color key="backgroundColor" systemColor="systemBackgroundColor"/>
                            </tableView>
                        </subviews>
                        <viewLayoutGuide key="safeArea" id="6Tk-OE-BBY"/>
                        <color key="backgroundColor" systemColor="systemBackgroundColor"/>
                        <constraints>
                            <constraint firstItem="6Tk-OE-BBY" firstAttribute="bottom" secondItem="w86-9l-ShH" secondAttribute="bottom" id="f21-JP-jWW"/>
                            <constraint firstItem="w86-9l-ShH" firstAttribute="top" secondItem="6Tk-OE-BBY" secondAttribute="top" id="fo9-rr-TDb"/>
                            <constraint firstItem="6Tk-OE-BBY" firstAttribute="trailing" secondItem="w86-9l-ShH" secondAttribute="trailing" id="mXq-N4-C0U"/>
                            <constraint firstItem="w86-9l-ShH" firstAttribute="leading" secondItem="6Tk-OE-BBY" secondAttribute="leading" id="tbO-ox-e1v"/>
                        </constraints>
                    </view>
                    <navigationItem key="navigationItem" id="voc-Ne-Ha9"/>
                    <connections>
                        <outlet property="tableView" destination="w86-9l-ShH" id="Tbt-HU-ZVs"/>
                        <segue destination="sFa-1W-2AI" kind="show" identifier="toDetailsVC" id="vhk-RR-E8w"/>
                    </connections>
                </viewController>
                <placeholder placeholderIdentifier="IBFirstResponder" id="dkx-z0-nzr" sceneMemberID="firstResponder"/>
            </objects>
            <point key="canvasLocation" x="1047.8260869565217" y="101.78571428571428"/>
        </scene>
        <!--DetailsVC-->
        <scene sceneID="k3W-XF-3Ge">
            <objects>
                <viewController id="sFa-1W-2AI" customClass="DetailsVC" customModule="ArtBookProject" customModuleProvider="target" sceneMemberID="viewController">
                    <view key="view" contentMode="scaleToFill" id="iQP-Ue-a0Z">
                        <rect key="frame" x="0.0" y="0.0" width="414" height="896"/>
                        <autoresizingMask key="autoresizingMask" widthSizable="YES" heightSizable="YES"/>
                        <subviews>
                            <imageView clipsSubviews="YES" userInteractionEnabled="NO" contentMode="scaleAspectFit" horizontalHuggingPriority="251" verticalHuggingPriority="251" image="select.png" translatesAutoresizingMaskIntoConstraints="NO" id="9MC-Nd-4Y2">
                                <rect key="frame" x="74" y="142" width="266" height="222"/>
                                <constraints>
                                    <constraint firstAttribute="width" relation="greaterThanOrEqual" constant="266" id="0Tl-ec-EkU"/>
                                    <constraint firstAttribute="width" constant="266" id="7hS-0z-YdS"/>
                                    <constraint firstAttribute="height" relation="greaterThanOrEqual" constant="222" id="7mF-hN-KiJ"/>
                                    <constraint firstAttribute="height" constant="222" id="Pga-7h-0Yg"/>
                                </constraints>
                            </imageView>
                            <textField opaque="NO" contentMode="scaleToFill" contentHorizontalAlignment="left" contentVerticalAlignment="center" borderStyle="roundedRect" placeholder="name" textAlignment="center" minimumFontSize="17" translatesAutoresizingMaskIntoConstraints="NO" id="3Wu-H4-QSr">
                                <rect key="frame" x="103" y="409" width="208" height="34"/>
                                <fontDescription key="fontDescription" type="system" pointSize="14"/>
                                <textInputTraits key="textInputTraits"/>
                            </textField>
                            <textField opaque="NO" contentMode="scaleToFill" contentHorizontalAlignment="left" contentVerticalAlignment="center" borderStyle="roundedRect" placeholder="artist" textAlignment="center" minimumFontSize="17" translatesAutoresizingMaskIntoConstraints="NO" id="IvX-J7-tbe">
                                <rect key="frame" x="103" y="472" width="208" height="34"/>
                                <fontDescription key="fontDescription" type="system" pointSize="14"/>
                                <textInputTraits key="textInputTraits"/>
                            </textField>
                            <textField opaque="NO" contentMode="scaleToFill" contentHorizontalAlignment="left" contentVerticalAlignment="center" borderStyle="roundedRect" placeholder="year" textAlignment="center" minimumFontSize="17" translatesAutoresizingMaskIntoConstraints="NO" id="2PD-PY-LGb">
                                <rect key="frame" x="103" y="533" width="208" height="34"/>
                                <fontDescription key="fontDescription" type="system" pointSize="14"/>
                                <textInputTraits key="textInputTraits"/>
                            </textField>
                            <button opaque="NO" contentMode="scaleToFill" contentHorizontalAlignment="center" contentVerticalAlignment="center" buttonType="system" lineBreakMode="middleTruncation" translatesAutoresizingMaskIntoConstraints="NO" id="J04-b0-Amj">
                                <rect key="frame" x="154" y="600" width="106" height="69"/>
                                <constraints>
                                    <constraint firstAttribute="height" constant="69" id="HhX-kw-IBy"/>
                                </constraints>
                                <state key="normal" title="Button"/>
                                <buttonConfiguration key="configuration" style="plain" title="Save"/>
                                <connections>
                                    <action selector="saveClicked:" destination="sFa-1W-2AI" eventType="touchUpInside" id="Vk4-hE-21V"/>
                                </connections>
                            </button>
                        </subviews>
                        <viewLayoutGuide key="safeArea" id="Ngz-J4-lbB"/>
                        <color key="backgroundColor" systemColor="systemBackgroundColor"/>
                        <constraints>
                            <constraint firstItem="IvX-J7-tbe" firstAttribute="trailing" secondItem="2PD-PY-LGb" secondAttribute="trailing" id="07t-TR-XPd"/>
                            <constraint firstItem="J04-b0-Amj" firstAttribute="top" secondItem="2PD-PY-LGb" secondAttribute="bottom" constant="33" id="7Kh-De-rrT"/>
                            <constraint firstItem="3Wu-H4-QSr" firstAttribute="trailing" secondItem="IvX-J7-tbe" secondAttribute="trailing" id="8Pw-pq-vCq"/>
                            <constraint firstItem="9MC-Nd-4Y2" firstAttribute="centerX" secondItem="iQP-Ue-a0Z" secondAttribute="centerX" id="Cdu-cp-3ad"/>
                            <constraint firstItem="IvX-J7-tbe" firstAttribute="top" secondItem="3Wu-H4-QSr" secondAttribute="bottom" constant="29" id="Dok-ea-TSM"/>
                            <constraint firstItem="J04-b0-Amj" firstAttribute="leading" secondItem="Ngz-J4-lbB" secondAttribute="leading" constant="154" id="HII-3t-ZSd"/>
                            <constraint firstItem="3Wu-H4-QSr" firstAttribute="leading" secondItem="Ngz-J4-lbB" secondAttribute="leading" constant="103" id="Kbc-A0-Fks"/>
                            <constraint firstItem="2PD-PY-LGb" firstAttribute="centerX" secondItem="J04-b0-Amj" secondAttribute="centerX" id="N9g-5s-0vi"/>
                            <constraint firstItem="2PD-PY-LGb" firstAttribute="top" secondItem="IvX-J7-tbe" secondAttribute="bottom" constant="27" id="QqQ-vx-7PM"/>
                            <constraint firstItem="IvX-J7-tbe" firstAttribute="leading" secondItem="2PD-PY-LGb" secondAttribute="leading" id="VBe-MX-7sm"/>
                            <constraint firstItem="9MC-Nd-4Y2" firstAttribute="leading" secondItem="Ngz-J4-lbB" secondAttribute="leading" constant="74" id="a6q-gs-MOF"/>
                            <constraint firstItem="9MC-Nd-4Y2" firstAttribute="centerX" secondItem="3Wu-H4-QSr" secondAttribute="centerX" id="afA-i7-NNE"/>
                            <constraint firstItem="Ngz-J4-lbB" firstAttribute="bottom" secondItem="J04-b0-Amj" secondAttribute="bottom" constant="193" id="bW8-jG-Q9C"/>
                            <constraint firstItem="9MC-Nd-4Y2" firstAttribute="top" secondItem="Ngz-J4-lbB" secondAttribute="top" constant="54" id="sMg-mC-1W1"/>
                            <constraint firstItem="3Wu-H4-QSr" firstAttribute="leading" secondItem="IvX-J7-tbe" secondAttribute="leading" id="tAV-2p-7FJ"/>
                            <constraint firstItem="3Wu-H4-QSr" firstAttribute="top" secondItem="9MC-Nd-4Y2" secondAttribute="bottom" constant="45" id="xY5-Md-DVs"/>
                        </constraints>
                    </view>
                    <navigationItem key="navigationItem" id="Pnn-E8-S75"/>
                    <connections>
                        <outlet property="artistText" destination="IvX-J7-tbe" id="UCo-ps-nUj"/>
                        <outlet property="imageView" destination="9MC-Nd-4Y2" id="l1V-bS-IcT"/>
                        <outlet property="nameText" destination="3Wu-H4-QSr" id="XpV-3V-dar"/>
                        <outlet property="saveButton" destination="J04-b0-Amj" id="efH-HI-c4W"/>
                        <outlet property="yearText" destination="2PD-PY-LGb" id="mWd-xc-3Si"/>
                    </connections>
                </viewController>
                <placeholder placeholderIdentifier="IBFirstResponder" id="AJO-6X-9X7" userLabel="First Responder" customClass="UIResponder" sceneMemberID="firstResponder"/>
            </objects>
            <point key="canvasLocation" x="1798.5507246376812" y="112.5"/>
        </scene>
        <!--Navigation Controller-->
        <scene sceneID="Fro-fI-yyw">
            <objects>
                <navigationController automaticallyAdjustsScrollViewInsets="NO" id="SxL-O5-aZe" sceneMemberID="viewController">
                    <toolbarItems/>
                    <navigationBar key="navigationBar" contentMode="scaleToFill" id="gZd-78-wap">
                        <rect key="frame" x="0.0" y="44" width="414" height="44"/>
                        <autoresizingMask key="autoresizingMask"/>
                    </navigationBar>
                    <nil name="viewControllers"/>
                    <connections>
                        <segue destination="BYZ-38-t0r" kind="relationship" relationship="rootViewController" id="hLy-e8-hqj"/>
                    </connections>
                </navigationController>
                <placeholder placeholderIdentifier="IBFirstResponder" id="Ueu-dv-GLV" userLabel="First Responder" customClass="UIResponder" sceneMemberID="firstResponder"/>
            </objects>
            <point key="canvasLocation" x="137.68115942028987" y="101.78571428571428"/>
        </scene>
    </scenes>
    <resources>
        <image name="select.png" width="264" height="300"/>
        <systemColor name="systemBackgroundColor">
            <color white="1" alpha="1" colorSpace="custom" customColorSpace="genericGamma22GrayColorSpace"/>
        </systemColor>
    </resources>
</document>
