<?xml version="1.0" encoding="UTF-8" standalone="yes"?>
<model type="com.apple.IDECoreDataModeler.DataModel" documentVersion="1.0" lastSavedToolsVersion="19574" systemVersion="21C52" minimumToolsVersion="Automatic" sourceLanguage="Swift" userDefinedModelVersionIdentifier="">
    <entity name="Places" representedClassName="Places" syncable="YES" codeGenerationType="class">
        <attribute name="id" optional="YES" attributeType="UUID" usesScalarValueType="NO"/>
        <attribute name="latitude" optional="YES" attributeType="Double" defaultValueString="0.0" usesScalarValueType="YES"/>
        <attribute name="longitude" optional="YES" attributeType="Double" defaultValueString="0.0" usesScalarValueType="YES"/>
        <attribute name="subtitle" optional="YES" attributeType="String"/>
        <attribute name="title" optional="YES" attributeType="String"/>
    </entity>
    <elements>
        <element name="Places" positionX="-63" positionY="-18" width="128" height="104"/>
    </elements>
</model>