<?xml version="1.0" encoding="UTF-8"?>
<document type="com.apple.InterfaceBuilder3.CocoaTouch.Storyboard.XIB" version="3.0" toolsVersion="19529" targetRuntime="iOS.CocoaTouch" propertyAccessControl="none" useAutolayout="YES" useTraitCollections="YES" useSafeAreas="YES" colorMatched="YES" initialViewController="BYZ-38-t0r">
    <device id="retina6_1" orientation="portrait" appearance="light"/>
    <dependencies>
        <plugIn identifier="com.apple.InterfaceBuilder.IBCocoaTouchPlugin" version="19519"/>
        <capability name="Safe area layout guides" minToolsVersion="9.0"/>
        <capability name="System colors in document resources" minToolsVersion="11.0"/>
        <capability name="documents saved in the Xcode 8 format" minToolsVersion="8.0"/>
    </dependencies>
    <scenes>
        <!--View Controller-->
        <scene sceneID="tne-QT-ifu">
            <objects>
                <viewController id="BYZ-38-t0r" customClass="ViewController" customModule="CurrencyConverter" customModuleProvider="target" sceneMemberID="viewController">
                    <view key="view" contentMode="scaleToFill" id="8bC-Xf-vdC">
                        <rect key="frame" x="0.0" y="0.0" width="414" height="896"/>
                        <autoresizingMask key="autoresizingMask" widthSizable="YES" heightSizable="YES"/>
                        <subviews>
                            <label opaque="NO" userInteractionEnabled="NO" contentMode="left" horizontalHuggingPriority="251" verticalHuggingPriority="251" text="Currency Converter" textAlignment="center" lineBreakMode="tailTruncation" baselineAdjustment="alignBaselines" adjustsFontSizeToFit="NO" translatesAutoresizingMaskIntoConstraints="NO" id="zze-6O-NXW">
                                <rect key="frame" x="76" y="78" width="262" height="87"/>
                                <fontDescription key="fontDescription" type="system" pointSize="22"/>
                                <nil key="textColor"/>
                                <nil key="highlightedColor"/>
                            </label>
                            <label opaque="NO" userInteractionEnabled="NO" contentMode="left" horizontalHuggingPriority="251" verticalHuggingPriority="251" misplaced="YES" text="CAD:" textAlignment="center" lineBreakMode="tailTruncation" baselineAdjustment="alignBaselines" adjustsFontSizeToFit="NO" translatesAutoresizingMaskIntoConstraints="NO" id="ixQ-VN-qzy">
                                <rect key="frame" x="101" y="194" width="213" height="58"/>
                                <constraints>
                                    <constraint firstAttribute="height" constant="58" id="TOR-Hd-Dng"/>
                                </constraints>
                                <fontDescription key="fontDescription" type="system" pointSize="17"/>
                                <nil key="textColor"/>
                                <nil key="highlightedColor"/>
                            </label>
                            <label opaque="NO" userInteractionEnabled="NO" contentMode="left" horizontalHuggingPriority="251" verticalHuggingPriority="251" misplaced="YES" text="CHF:" textAlignment="center" lineBreakMode="tailTruncation" baselineAdjustment="alignBaselines" adjustsFontSizeToFit="NO" translatesAutoresizingMaskIntoConstraints="NO" id="opT-96-QWs">
                                <rect key="frame" x="101" y="275" width="213" height="58"/>
                                <constraints>
                                    <constraint firstAttribute="height" constant="58" id="x5e-zO-dOb"/>
                                </constraints>
                                <fontDescription key="fontDescription" type="system" pointSize="17"/>
                                <nil key="textColor"/>
                                <nil key="highlightedColor"/>
                            </label>
                            <label opaque="NO" userInteractionEnabled="NO" contentMode="left" horizontalHuggingPriority="251" verticalHuggingPriority="251" misplaced="YES" text="GBP:" textAlignment="center" lineBreakMode="tailTruncation" baselineAdjustment="alignBaselines" adjustsFontSizeToFit="NO" translatesAutoresizingMaskIntoConstraints="NO" id="NnV-JH-DK4">
                                <rect key="frame" x="101" y="363" width="213" height="58"/>
                                <constraints>
                                    <constraint firstAttribute="height" constant="58" id="o8y-UV-n56"/>
                                </constraints>
                                <fontDescription key="fontDescription" type="system" pointSize="17"/>
                                <nil key="textColor"/>
                                <nil key="highlightedColor"/>
                            </label>
                            <label opaque="NO" userInteractionEnabled="NO" contentMode="left" horizontalHuggingPriority="251" verticalHuggingPriority="251" misplaced="YES" text="JPY:" textAlignment="center" lineBreakMode="tailTruncation" baselineAdjustment="alignBaselines" adjustsFontSizeToFit="NO" translatesAutoresizingMaskIntoConstraints="NO" id="ueQ-Aa-iTy">
                                <rect key="frame" x="101" y="438" width="213" height="58"/>
                                <constraints>
                                    <constraint firstAttribute="height" constant="58" id="Jmj-YW-m1w"/>
                                </constraints>
                                <fontDescription key="fontDescription" type="system" pointSize="17"/>
                                <nil key="textColor"/>
                                <nil key="highlightedColor"/>
                            </label>
                            <label opaque="NO" userInteractionEnabled="NO" contentMode="left" horizontalHuggingPriority="251" verticalHuggingPriority="251" misplaced="YES" text="USD:" textAlignment="center" lineBreakMode="tailTruncation" baselineAdjustment="alignBaselines" adjustsFontSizeToFit="NO" translatesAutoresizingMaskIntoConstraints="NO" id="VcZ-Oo-phs">
                                <rect key="frame" x="101" y="514" width="213" height="58"/>
                                <constraints>
                                    <constraint firstAttribute="height" constant="58" id="oPd-qe-rnd"/>
                                </constraints>
                                <fontDescription key="fontDescription" type="system" pointSize="17"/>
                                <nil key="textColor"/>
                                <nil key="highlightedColor"/>
                            </label>
                            <label opaque="NO" userInteractionEnabled="NO" contentMode="left" horizontalHuggingPriority="251" verticalHuggingPriority="251" misplaced="YES" text="TRY:" textAlignment="center" lineBreakMode="tailTruncation" baselineAdjustment="alignBaselines" adjustsFontSizeToFit="NO" translatesAutoresizingMaskIntoConstraints="NO" id="YD7-gd-Sxw">
                                <rect key="frame" x="101" y="590" width="213" height="58"/>
                                <constraints>
                                    <constraint firstAttribute="height" constant="58" id="pFi-kX-cxo"/>
                                </constraints>
                                <fontDescription key="fontDescription" type="system" pointSize="17"/>
                                <nil key="textColor"/>
                                <nil key="highlightedColor"/>
                            </label>
                            <button opaque="NO" contentMode="scaleToFill" contentHorizontalAlignment="center" contentVerticalAlignment="center" buttonType="system" lineBreakMode="middleTruncation" translatesAutoresizingMaskIntoConstraints="NO" id="VnQ-kG-6Px">
                                <rect key="frame" x="136" y="674" width="142" height="74"/>
                                <constraints>
                                    <constraint firstAttribute="height" constant="74" id="Dnk-kE-afb"/>
                                </constraints>
                                <state key="normal" title="Button"/>
                                <buttonConfiguration key="configuration" style="plain" title="Get Rates"/>
                                <connections>
                                    <action selector="getRatesClicked:" destination="BYZ-38-t0r" eventType="touchUpInside" id="uvS-eS-6yu"/>
                                </connections>
                            </button>
                        </subviews>
                        <viewLayoutGuide key="safeArea" id="6Tk-OE-BBY"/>
                        <color key="backgroundColor" systemColor="systemBackgroundColor"/>
                        <constraints>
                            <constraint firstItem="zze-6O-NXW" firstAttribute="top" secondItem="6Tk-OE-BBY" secondAttribute="top" constant="34" id="4co-0V-bsh"/>
                            <constraint firstItem="VcZ-Oo-phs" firstAttribute="trailing" secondItem="YD7-gd-Sxw" secondAttribute="trailing" id="6M0-cc-V5a"/>
                            <constraint firstItem="ueQ-Aa-iTy" firstAttribute="top" secondItem="NnV-JH-DK4" secondAttribute="bottom" constant="17" id="8Nj-nO-ode"/>
                            <constraint firstItem="NnV-JH-DK4" firstAttribute="trailing" secondItem="ueQ-Aa-iTy" secondAttribute="trailing" id="9TB-H2-sUY"/>
                            <constraint firstItem="ixQ-VN-qzy" firstAttribute="leading" secondItem="opT-96-QWs" secondAttribute="leading" id="Ao1-Uk-Y6P"/>
                            <constraint firstItem="zze-6O-NXW" firstAttribute="leading" secondItem="6Tk-OE-BBY" secondAttribute="leading" constant="76" id="GLR-Co-OWk"/>
                            <constraint firstItem="ueQ-Aa-iTy" firstAttribute="trailing" secondItem="VcZ-Oo-phs" secondAttribute="trailing" id="KCU-Jb-L3G"/>
                            <constraint firstItem="6Tk-OE-BBY" firstAttribute="bottom" secondItem="VnQ-kG-6Px" secondAttribute="bottom" constant="114" id="Kt0-kr-mUX"/>
                            <constraint firstItem="opT-96-QWs" firstAttribute="top" secondItem="ixQ-VN-qzy" secondAttribute="bottom" constant="23" id="Lf3-Gt-13o"/>
                            <constraint firstItem="VcZ-Oo-phs" firstAttribute="leading" secondItem="YD7-gd-Sxw" secondAttribute="leading" id="M0w-gn-DaE"/>
                            <constraint firstItem="opT-96-QWs" firstAttribute="trailing" secondItem="NnV-JH-DK4" secondAttribute="trailing" id="OGc-Px-nE3"/>
                            <constraint firstItem="ixQ-VN-qzy" firstAttribute="leading" secondItem="6Tk-OE-BBY" secondAttribute="leading" constant="101" id="QK4-PY-NrY"/>
                            <constraint firstItem="zze-6O-NXW" firstAttribute="centerX" secondItem="8bC-Xf-vdC" secondAttribute="centerX" id="SIe-vI-XcL"/>
                            <constraint firstItem="zze-6O-NXW" firstAttribute="centerX" secondItem="ixQ-VN-qzy" secondAttribute="centerX" id="U6M-fR-Kxa"/>
                            <constraint firstItem="VnQ-kG-6Px" firstAttribute="leading" secondItem="6Tk-OE-BBY" secondAttribute="leading" constant="136" id="YAV-DL-8Rh"/>
                            <constraint firstItem="YD7-gd-Sxw" firstAttribute="centerX" secondItem="VnQ-kG-6Px" secondAttribute="centerX" id="Z3L-4H-d6f"/>
                            <constraint firstItem="ixQ-VN-qzy" firstAttribute="trailing" secondItem="opT-96-QWs" secondAttribute="trailing" id="bMR-wm-hhk"/>
                            <constraint firstItem="ixQ-VN-qzy" firstAttribute="top" secondItem="zze-6O-NXW" secondAttribute="bottom" constant="29" id="fgo-qK-YSd"/>
                            <constraint firstItem="opT-96-QWs" firstAttribute="leading" secondItem="NnV-JH-DK4" secondAttribute="leading" id="i3k-yB-nV9"/>
                            <constraint firstItem="VcZ-Oo-phs" firstAttribute="top" secondItem="ueQ-Aa-iTy" secondAttribute="bottom" constant="18" id="r7l-VB-kiY"/>
                            <constraint firstItem="YD7-gd-Sxw" firstAttribute="top" secondItem="VcZ-Oo-phs" secondAttribute="bottom" constant="18" id="sEG-Af-WbB"/>
                            <constraint firstItem="NnV-JH-DK4" firstAttribute="top" secondItem="opT-96-QWs" secondAttribute="bottom" constant="30" id="sf1-uP-Bwb"/>
                            <constraint firstItem="VnQ-kG-6Px" firstAttribute="top" secondItem="YD7-gd-Sxw" secondAttribute="bottom" constant="26" id="wWd-WN-JHm"/>
                            <constraint firstItem="NnV-JH-DK4" firstAttribute="leading" secondItem="ueQ-Aa-iTy" secondAttribute="leading" id="xTG-gn-yax"/>
                            <constraint firstItem="ueQ-Aa-iTy" firstAttribute="leading" secondItem="VcZ-Oo-phs" secondAttribute="leading" id="zgh-2x-6p4"/>
                        </constraints>
                    </view>
                    <connections>
                        <outlet property="cadLabel" destination="ixQ-VN-qzy" id="faM-5n-noS"/>
                        <outlet property="chfLabel" destination="opT-96-QWs" id="ndp-Bg-Svq"/>
                        <outlet property="gbpLabel" destination="NnV-JH-DK4" id="a4O-Jd-2vT"/>
                        <outlet property="jpyLabel" destination="ueQ-Aa-iTy" id="Ofb-20-FZp"/>
                        <outlet property="tryLabel" destination="YD7-gd-Sxw" id="YcJ-Us-RGK"/>
                        <outlet property="usdLabel" destination="VcZ-Oo-phs" id="ULK-Hg-7so"/>
                    </connections>
                </viewController>
                <placeholder placeholderIdentifier="IBFirstResponder" id="dkx-z0-nzr" sceneMemberID="firstResponder"/>
            </objects>
            <point key="canvasLocation" x="137.68115942028987" y="101.78571428571428"/>
        </scene>
    </scenes>
    <resources>
        <systemColor name="systemBackgroundColor">
            <color white="1" alpha="1" colorSpace="custom" customColorSpace="genericGamma22GrayColorSpace"/>
        </systemColor>
    </resources>
</document>
