<?xml version="1.0" encoding="UTF-8"?>
<document type="com.apple.InterfaceBuilder3.CocoaTouch.Storyboard.XIB" version="3.0" toolsVersion="19529" targetRuntime="iOS.CocoaTouch" propertyAccessControl="none" useAutolayout="YES" useTraitCollections="YES" useSafeAreas="YES" colorMatched="YES" initialViewController="BYZ-38-t0r">
    <device id="retina6_1" orientation="portrait" appearance="light"/>
    <dependencies>
        <plugIn identifier="com.apple.InterfaceBuilder.IBCocoaTouchPlugin" version="19519"/>
        <capability name="Safe area layout guides" minToolsVersion="9.0"/>
        <capability name="System colors in document resources" minToolsVersion="11.0"/>
        <capability name="documents saved in the Xcode 8 format" minToolsVersion="8.0"/>
    </dependencies>
    <scenes>
        <!--View Controller-->
        <scene sceneID="tne-QT-ifu">
            <objects>
                <viewController id="BYZ-38-t0r" customClass="ViewController" customModule="CatchTheKennyGame" customModuleProvider="target" sceneMemberID="viewController">
                    <view key="view" contentMode="scaleToFill" id="8bC-Xf-vdC">
                        <rect key="frame" x="0.0" y="0.0" width="414" height="896"/>
                        <autoresizingMask key="autoresizingMask" widthSizable="YES" heightSizable="YES"/>
                        <subviews>
                            <imageView clipsSubviews="YES" userInteractionEnabled="NO" contentMode="scaleAspectFit" horizontalHuggingPriority="251" verticalHuggingPriority="251" image="kenny" translatesAutoresizingMaskIntoConstraints="NO" id="NeY-Bo-fRT">
                                <rect key="frame" x="20" y="175" width="93" height="156"/>
                                <constraints>
                                    <constraint firstAttribute="height" constant="156" id="37c-Te-00p"/>
                                    <constraint firstAttribute="width" constant="93" id="cNG-Oy-jWR"/>
                                </constraints>
                            </imageView>
                            <imageView clipsSubviews="YES" userInteractionEnabled="NO" contentMode="scaleAspectFit" horizontalHuggingPriority="251" verticalHuggingPriority="251" misplaced="YES" image="kenny" translatesAutoresizingMaskIntoConstraints="NO" id="8wL-HG-3vW">
                                <rect key="frame" x="161" y="175" width="93" height="156"/>
                            </imageView>
                            <imageView clipsSubviews="YES" userInteractionEnabled="NO" contentMode="scaleAspectFit" horizontalHuggingPriority="251" verticalHuggingPriority="251" misplaced="YES" image="kenny" translatesAutoresizingMaskIntoConstraints="NO" id="f5O-Eu-nxA">
                                <rect key="frame" x="301" y="175" width="93" height="156"/>
                            </imageView>
                            <imageView clipsSubviews="YES" userInteractionEnabled="NO" contentMode="scaleAspectFit" horizontalHuggingPriority="251" verticalHuggingPriority="251" image="kenny" translatesAutoresizingMaskIntoConstraints="NO" id="hlu-bY-bXF">
                                <rect key="frame" x="20" y="330" width="93" height="156"/>
                                <constraints>
                                    <constraint firstAttribute="height" constant="156" id="LDt-kk-wQY"/>
                                </constraints>
                            </imageView>
                            <imageView clipsSubviews="YES" userInteractionEnabled="NO" contentMode="scaleAspectFit" horizontalHuggingPriority="251" verticalHuggingPriority="251" misplaced="YES" image="kenny" translatesAutoresizingMaskIntoConstraints="NO" id="SDd-Nb-a2t">
                                <rect key="frame" x="161" y="330" width="93" height="156"/>
                            </imageView>
                            <imageView clipsSubviews="YES" userInteractionEnabled="NO" contentMode="scaleAspectFit" horizontalHuggingPriority="251" verticalHuggingPriority="251" misplaced="YES" image="kenny" translatesAutoresizingMaskIntoConstraints="NO" id="Sjh-Ua-dVq">
                                <rect key="frame" x="301" y="330" width="93" height="156"/>
                            </imageView>
                            <imageView clipsSubviews="YES" userInteractionEnabled="NO" contentMode="scaleAspectFit" horizontalHuggingPriority="251" verticalHuggingPriority="251" image="kenny" translatesAutoresizingMaskIntoConstraints="NO" id="WEy-Fh-Ffu">
                                <rect key="frame" x="20" y="494" width="93" height="156"/>
                            </imageView>
                            <imageView clipsSubviews="YES" userInteractionEnabled="NO" contentMode="scaleAspectFit" horizontalHuggingPriority="251" verticalHuggingPriority="251" misplaced="YES" image="kenny" translatesAutoresizingMaskIntoConstraints="NO" id="hRr-gy-nYt">
                                <rect key="frame" x="161" y="494" width="93" height="156"/>
                            </imageView>
                            <imageView clipsSubviews="YES" userInteractionEnabled="NO" contentMode="scaleAspectFit" horizontalHuggingPriority="251" verticalHuggingPriority="251" misplaced="YES" image="kenny" translatesAutoresizingMaskIntoConstraints="NO" id="Zhl-q5-96d">
                                <rect key="frame" x="301" y="494" width="93" height="156"/>
                            </imageView>
                            <label opaque="NO" userInteractionEnabled="NO" contentMode="left" horizontalHuggingPriority="251" verticalHuggingPriority="251" text="Score: 0" textAlignment="center" lineBreakMode="tailTruncation" baselineAdjustment="alignBaselines" adjustsFontSizeToFit="NO" translatesAutoresizingMaskIntoConstraints="NO" id="EGS-2Q-ouu">
                                <rect key="frame" x="139" y="124" width="136" height="43"/>
                                <constraints>
                                    <constraint firstAttribute="height" constant="43" id="H4S-Zo-4qW"/>
                                </constraints>
                                <fontDescription key="fontDescription" type="system" pointSize="19"/>
                                <nil key="textColor"/>
                                <nil key="highlightedColor"/>
                            </label>
                            <label opaque="NO" userInteractionEnabled="NO" contentMode="left" horizontalHuggingPriority="251" verticalHuggingPriority="251" text="Highscore: 0" textAlignment="center" lineBreakMode="tailTruncation" baselineAdjustment="alignBaselines" adjustsFontSizeToFit="NO" translatesAutoresizingMaskIntoConstraints="NO" id="IMS-aK-Od8">
                                <rect key="frame" x="139" y="746" width="136" height="43"/>
                                <fontDescription key="fontDescription" type="system" pointSize="19"/>
                                <nil key="textColor"/>
                                <nil key="highlightedColor"/>
                            </label>
                            <label opaque="NO" userInteractionEnabled="NO" contentMode="left" horizontalHuggingPriority="251" verticalHuggingPriority="251" misplaced="YES" text="30" textAlignment="center" lineBreakMode="tailTruncation" baselineAdjustment="alignBaselines" adjustsFontSizeToFit="NO" translatesAutoresizingMaskIntoConstraints="NO" id="plw-jO-kfb">
                                <rect key="frame" x="120" y="58" width="175" height="58"/>
                                <fontDescription key="fontDescription" type="system" pointSize="27"/>
                                <nil key="textColor"/>
                                <nil key="highlightedColor"/>
                            </label>
                        </subviews>
                        <viewLayoutGuide key="safeArea" id="6Tk-OE-BBY"/>
                        <color key="backgroundColor" systemColor="systemBackgroundColor"/>
                        <constraints>
                            <constraint firstItem="EGS-2Q-ouu" firstAttribute="trailing" secondItem="IMS-aK-Od8" secondAttribute="trailing" id="54E-4M-Iqy"/>
                            <constraint firstItem="SDd-Nb-a2t" firstAttribute="leading" secondItem="hRr-gy-nYt" secondAttribute="leading" id="5CS-h3-MBw"/>
                            <constraint firstItem="SDd-Nb-a2t" firstAttribute="trailing" secondItem="hRr-gy-nYt" secondAttribute="trailing" id="8WI-MB-jPQ"/>
                            <constraint firstItem="plw-jO-kfb" firstAttribute="centerX" secondItem="EGS-2Q-ouu" secondAttribute="centerX" id="90h-CC-frC"/>
                            <constraint firstItem="6Tk-OE-BBY" firstAttribute="bottom" secondItem="WEy-Fh-Ffu" secondAttribute="bottom" constant="212" id="9AB-68-1N8"/>
                            <constraint firstItem="SDd-Nb-a2t" firstAttribute="top" secondItem="Sjh-Ua-dVq" secondAttribute="top" id="9Ou-uu-P2C"/>
                            <constraint firstItem="hlu-bY-bXF" firstAttribute="bottom" secondItem="SDd-Nb-a2t" secondAttribute="bottom" id="Bv8-UU-g1N"/>
                            <constraint firstItem="NeY-Bo-fRT" firstAttribute="trailing" secondItem="hlu-bY-bXF" secondAttribute="trailing" id="Cu8-4g-e9b"/>
                            <constraint firstItem="NeY-Bo-fRT" firstAttribute="top" secondItem="6Tk-OE-BBY" secondAttribute="top" constant="131" id="EVT-aI-T41"/>
                            <constraint firstItem="WEy-Fh-Ffu" firstAttribute="top" secondItem="hRr-gy-nYt" secondAttribute="top" id="FJL-qh-X8L"/>
                            <constraint firstItem="8wL-HG-3vW" firstAttribute="top" secondItem="EGS-2Q-ouu" secondAttribute="bottom" constant="8" id="FSf-9z-LXU"/>
                            <constraint firstItem="hRr-gy-nYt" firstAttribute="bottom" secondItem="Zhl-q5-96d" secondAttribute="bottom" id="FyQ-Qf-PGC"/>
                            <constraint firstItem="EGS-2Q-ouu" firstAttribute="leading" secondItem="6Tk-OE-BBY" secondAttribute="leading" constant="139" id="HHI-q7-2K1"/>
                            <constraint firstItem="f5O-Eu-nxA" firstAttribute="trailing" secondItem="8bC-Xf-vdC" secondAttribute="trailingMargin" id="HpO-s2-eqY"/>
                            <constraint firstItem="plw-jO-kfb" firstAttribute="leading" secondItem="6Tk-OE-BBY" secondAttribute="leading" constant="120" id="Hx0-Oz-n5v"/>
                            <constraint firstItem="EGS-2Q-ouu" firstAttribute="centerX" secondItem="8wL-HG-3vW" secondAttribute="centerX" id="J7L-x9-SAO"/>
                            <constraint firstItem="hRr-gy-nYt" firstAttribute="top" secondItem="Zhl-q5-96d" secondAttribute="top" id="JDq-OV-65n"/>
                            <constraint firstItem="hlu-bY-bXF" firstAttribute="trailing" secondItem="WEy-Fh-Ffu" secondAttribute="trailing" id="Jtc-1l-kuY"/>
                            <constraint firstItem="EGS-2Q-ouu" firstAttribute="leading" secondItem="IMS-aK-Od8" secondAttribute="leading" id="N8a-Ww-F3f"/>
                            <constraint firstItem="NeY-Bo-fRT" firstAttribute="top" secondItem="8wL-HG-3vW" secondAttribute="top" id="NQc-zg-Pk9"/>
                            <constraint firstItem="f5O-Eu-nxA" firstAttribute="trailing" secondItem="Sjh-Ua-dVq" secondAttribute="trailing" id="Ng2-KZ-A9M"/>
                            <constraint firstItem="hlu-bY-bXF" firstAttribute="top" secondItem="6Tk-OE-BBY" secondAttribute="top" constant="286" id="RB7-TB-gd9"/>
                            <constraint firstItem="f5O-Eu-nxA" firstAttribute="leading" secondItem="8wL-HG-3vW" secondAttribute="trailing" constant="47" id="T8n-Un-xQC"/>
                            <constraint firstItem="plw-jO-kfb" firstAttribute="top" secondItem="6Tk-OE-BBY" secondAttribute="top" constant="14" id="UpC-K3-SMm"/>
                            <constraint firstItem="WEy-Fh-Ffu" firstAttribute="bottom" secondItem="hRr-gy-nYt" secondAttribute="bottom" id="XO1-Hr-WTG"/>
                            <constraint firstItem="WEy-Fh-Ffu" firstAttribute="top" secondItem="hlu-bY-bXF" secondAttribute="bottom" constant="8" id="Xuh-Xs-tlv"/>
                            <constraint firstItem="8wL-HG-3vW" firstAttribute="trailing" secondItem="SDd-Nb-a2t" secondAttribute="trailing" id="YLm-YW-W7K"/>
                            <constraint firstItem="Sjh-Ua-dVq" firstAttribute="leading" secondItem="Zhl-q5-96d" secondAttribute="leading" id="ZdJ-03-Ntt"/>
                            <constraint firstItem="hlu-bY-bXF" firstAttribute="top" secondItem="SDd-Nb-a2t" secondAttribute="top" id="bYX-fX-V6k"/>
                            <constraint firstItem="EGS-2Q-ouu" firstAttribute="top" secondItem="plw-jO-kfb" secondAttribute="bottom" constant="8" id="ban-L2-2Mt"/>
                            <constraint firstItem="NeY-Bo-fRT" firstAttribute="leading" secondItem="8bC-Xf-vdC" secondAttribute="leadingMargin" id="bn5-Yk-5WI"/>
                            <constraint firstItem="hlu-bY-bXF" firstAttribute="leading" secondItem="WEy-Fh-Ffu" secondAttribute="leading" id="eKr-bh-oUX"/>
                            <constraint firstItem="6Tk-OE-BBY" firstAttribute="bottom" secondItem="IMS-aK-Od8" secondAttribute="bottom" constant="73" id="g57-rj-KHj"/>
                            <constraint firstItem="NeY-Bo-fRT" firstAttribute="leading" secondItem="hlu-bY-bXF" secondAttribute="leading" id="hIh-lc-gUh"/>
                            <constraint firstItem="8wL-HG-3vW" firstAttribute="leading" secondItem="NeY-Bo-fRT" secondAttribute="trailing" constant="48" id="mec-Ov-rkW"/>
                            <constraint firstItem="8wL-HG-3vW" firstAttribute="leading" secondItem="SDd-Nb-a2t" secondAttribute="leading" id="ndu-a5-Diz"/>
                            <constraint firstItem="8wL-HG-3vW" firstAttribute="top" secondItem="f5O-Eu-nxA" secondAttribute="top" id="rmb-fL-qCk"/>
                            <constraint firstItem="f5O-Eu-nxA" firstAttribute="leading" secondItem="Sjh-Ua-dVq" secondAttribute="leading" id="t9z-dl-KqQ"/>
                            <constraint firstItem="SDd-Nb-a2t" firstAttribute="bottom" secondItem="Sjh-Ua-dVq" secondAttribute="bottom" id="tAb-ve-jty"/>
                            <constraint firstItem="NeY-Bo-fRT" firstAttribute="bottom" secondItem="8wL-HG-3vW" secondAttribute="bottom" id="tlC-Bw-r8D"/>
                            <constraint firstItem="Sjh-Ua-dVq" firstAttribute="trailing" secondItem="Zhl-q5-96d" secondAttribute="trailing" id="u1I-pA-mC8"/>
                            <constraint firstItem="plw-jO-kfb" firstAttribute="centerX" secondItem="8bC-Xf-vdC" secondAttribute="centerX" id="xH8-yK-jv1"/>
                            <constraint firstItem="IMS-aK-Od8" firstAttribute="top" secondItem="hRr-gy-nYt" secondAttribute="bottom" constant="96" id="yIm-J6-4RR"/>
                            <constraint firstItem="8wL-HG-3vW" firstAttribute="bottom" secondItem="f5O-Eu-nxA" secondAttribute="bottom" id="z5F-2Y-Mhe"/>
                        </constraints>
                    </view>
                    <connections>
                        <outlet property="highScoreLabel" destination="IMS-aK-Od8" id="S3g-9T-bvC"/>
                        <outlet property="kenny1" destination="NeY-Bo-fRT" id="9A6-Pr-YXc"/>
                        <outlet property="kenny2" destination="8wL-HG-3vW" id="D5e-5g-M2Z"/>
                        <outlet property="kenny3" destination="f5O-Eu-nxA" id="lfb-9S-Xau"/>
                        <outlet property="kenny4" destination="hlu-bY-bXF" id="zfa-XE-3Fs"/>
                        <outlet property="kenny5" destination="SDd-Nb-a2t" id="2Rd-xI-0o7"/>
                        <outlet property="kenny6" destination="Sjh-Ua-dVq" id="3E8-iU-rsh"/>
                        <outlet property="kenny7" destination="WEy-Fh-Ffu" id="PE3-rv-8W7"/>
                        <outlet property="kenny8" destination="hRr-gy-nYt" id="skL-el-PL1"/>
                        <outlet property="kenny9" destination="Zhl-q5-96d" id="gmK-9L-56O"/>
                        <outlet property="scoreLabel" destination="EGS-2Q-ouu" id="R64-Ig-UCR"/>
                        <outlet property="timeLabel" destination="plw-jO-kfb" id="kZZ-xL-w05"/>
                    </connections>
                </viewController>
                <placeholder placeholderIdentifier="IBFirstResponder" id="dkx-z0-nzr" sceneMemberID="firstResponder"/>
            </objects>
            <point key="canvasLocation" x="137.68115942028987" y="114.50892857142857"/>
        </scene>
    </scenes>
    <resources>
        <image name="kenny" width="272" height="366"/>
        <systemColor name="systemBackgroundColor">
            <color white="1" alpha="1" colorSpace="custom" customColorSpace="genericGamma22GrayColorSpace"/>
        </systemColor>
    </resources>
</document>
