<?xml version="1.0" encoding="UTF-8"?>
<document type="com.apple.InterfaceBuilder3.CocoaTouch.Storyboard.XIB" version="3.0" toolsVersion="19529" targetRuntime="iOS.CocoaTouch" propertyAccessControl="none" useAutolayout="YES" useTraitCollections="YES" useSafeAreas="YES" colorMatched="YES" initialViewController="a8F-Qi-lad">
    <device id="retina6_1" orientation="portrait" appearance="light"/>
    <dependencies>
        <plugIn identifier="com.apple.InterfaceBuilder.IBCocoaTouchPlugin" version="19519"/>
        <capability name="Safe area layout guides" minToolsVersion="9.0"/>
        <capability name="System colors in document resources" minToolsVersion="11.0"/>
        <capability name="documents saved in the Xcode 8 format" minToolsVersion="8.0"/>
    </dependencies>
    <scenes>
        <!--List View Controller-->
        <scene sceneID="IHQ-aZ-ucN">
            <objects>
                <viewController id="Lml-fC-X66" customClass="ListViewController" customModule="TravelBook" customModuleProvider="target" sceneMemberID="viewController">
                    <view key="view" contentMode="scaleToFill" id="f2j-Jx-anE">
                        <rect key="frame" x="0.0" y="0.0" width="414" height="896"/>
                        <autoresizingMask key="autoresizingMask" widthSizable="YES" heightSizable="YES"/>
                        <subviews>
                            <tableView clipsSubviews="YES" contentMode="scaleToFill" alwaysBounceVertical="YES" dataMode="prototypes" style="plain" separatorStyle="default" rowHeight="-1" estimatedRowHeight="-1" sectionHeaderHeight="-1" estimatedSectionHeaderHeight="-1" sectionFooterHeight="-1" estimatedSectionFooterHeight="-1" translatesAutoresizingMaskIntoConstraints="NO" id="lwX-A1-yyU">
                                <rect key="frame" x="0.0" y="88" width="414" height="774"/>
                                <color key="backgroundColor" systemColor="systemBackgroundColor"/>
                            </tableView>
                        </subviews>
                        <viewLayoutGuide key="safeArea" id="RiZ-06-X7c"/>
                        <color key="backgroundColor" systemColor="systemBackgroundColor"/>
                        <constraints>
                            <constraint firstItem="RiZ-06-X7c" firstAttribute="trailing" secondItem="lwX-A1-yyU" secondAttribute="trailing" id="3E6-Oe-rkB"/>
                            <constraint firstItem="RiZ-06-X7c" firstAttribute="bottom" secondItem="lwX-A1-yyU" secondAttribute="bottom" id="uN1-6L-biO"/>
                            <constraint firstItem="lwX-A1-yyU" firstAttribute="leading" secondItem="RiZ-06-X7c" secondAttribute="leading" id="xz3-xC-q9X"/>
                            <constraint firstItem="lwX-A1-yyU" firstAttribute="top" secondItem="RiZ-06-X7c" secondAttribute="top" id="y8n-yk-57C"/>
                        </constraints>
                    </view>
                    <navigationItem key="navigationItem" id="HMl-mD-xfl"/>
                    <connections>
                        <outlet property="tableView" destination="lwX-A1-yyU" id="ckU-Bi-mLt"/>
                        <segue destination="BYZ-38-t0r" kind="show" identifier="toViewController" id="Qqh-4R-r9n"/>
                    </connections>
                </viewController>
                <placeholder placeholderIdentifier="IBFirstResponder" id="4ZJ-o2-bAi" userLabel="First Responder" customClass="UIResponder" sceneMemberID="firstResponder"/>
            </objects>
            <point key="canvasLocation" x="273.91304347826087" y="112.5"/>
        </scene>
        <!--View Controller-->
        <scene sceneID="tne-QT-ifu">
            <objects>
                <viewController id="BYZ-38-t0r" customClass="ViewController" customModule="TravelBook" customModuleProvider="target" sceneMemberID="viewController">
                    <view key="view" contentMode="scaleToFill" id="8bC-Xf-vdC">
                        <rect key="frame" x="0.0" y="0.0" width="414" height="896"/>
                        <autoresizingMask key="autoresizingMask" widthSizable="YES" heightSizable="YES"/>
                        <subviews>
                            <mapView clipsSubviews="YES" multipleTouchEnabled="YES" contentMode="scaleToFill" mapType="standard" translatesAutoresizingMaskIntoConstraints="NO" id="2xs-CZ-tkR">
                                <rect key="frame" x="0.0" y="337" width="414" height="452"/>
                            </mapView>
                            <textField opaque="NO" contentMode="scaleToFill" contentHorizontalAlignment="left" contentVerticalAlignment="center" borderStyle="roundedRect" placeholder="name" textAlignment="center" minimumFontSize="17" translatesAutoresizingMaskIntoConstraints="NO" id="Wj6-QR-7yq">
                                <rect key="frame" x="50" y="140" width="314" height="34"/>
                                <fontDescription key="fontDescription" type="system" pointSize="14"/>
                                <textInputTraits key="textInputTraits"/>
                            </textField>
                            <button opaque="NO" contentMode="scaleToFill" contentHorizontalAlignment="center" contentVerticalAlignment="center" buttonType="system" lineBreakMode="middleTruncation" translatesAutoresizingMaskIntoConstraints="NO" id="T8c-D3-hrT">
                                <rect key="frame" x="157" y="807" width="100" height="55"/>
                                <constraints>
                                    <constraint firstAttribute="height" constant="55" id="usi-gh-9gK"/>
                                </constraints>
                                <state key="normal" title="Button"/>
                                <buttonConfiguration key="configuration" style="plain" title="Save"/>
                                <connections>
                                    <action selector="saveButtonClicked:" destination="BYZ-38-t0r" eventType="touchUpInside" id="jI0-9E-tXY"/>
                                </connections>
                            </button>
                            <textField opaque="NO" contentMode="scaleToFill" contentHorizontalAlignment="left" contentVerticalAlignment="center" borderStyle="roundedRect" placeholder="comment" textAlignment="center" minimumFontSize="17" translatesAutoresizingMaskIntoConstraints="NO" id="9tn-pd-8Lg">
                                <rect key="frame" x="50" y="212" width="314" height="34"/>
                                <fontDescription key="fontDescription" type="system" pointSize="14"/>
                                <textInputTraits key="textInputTraits"/>
                            </textField>
                        </subviews>
                        <viewLayoutGuide key="safeArea" id="6Tk-OE-BBY"/>
                        <color key="backgroundColor" systemColor="systemBackgroundColor"/>
                        <constraints>
                            <constraint firstItem="Wj6-QR-7yq" firstAttribute="centerX" secondItem="8bC-Xf-vdC" secondAttribute="centerX" id="0vo-Ec-SC6"/>
                            <constraint firstItem="T8c-D3-hrT" firstAttribute="top" secondItem="2xs-CZ-tkR" secondAttribute="bottom" constant="18" id="3lM-tc-BN2"/>
                            <constraint firstItem="Wj6-QR-7yq" firstAttribute="trailing" secondItem="9tn-pd-8Lg" secondAttribute="trailing" id="4OO-8E-Hng"/>
                            <constraint firstItem="9tn-pd-8Lg" firstAttribute="top" secondItem="Wj6-QR-7yq" secondAttribute="bottom" constant="38" id="681-k7-6h0"/>
                            <constraint firstItem="Wj6-QR-7yq" firstAttribute="top" secondItem="6Tk-OE-BBY" secondAttribute="top" constant="52" id="LsD-77-458"/>
                            <constraint firstItem="9tn-pd-8Lg" firstAttribute="centerX" secondItem="2xs-CZ-tkR" secondAttribute="centerX" id="O7N-Yi-p2K"/>
                            <constraint firstItem="2xs-CZ-tkR" firstAttribute="centerX" secondItem="T8c-D3-hrT" secondAttribute="centerX" id="QOd-xV-UnZ"/>
                            <constraint firstItem="T8c-D3-hrT" firstAttribute="bottom" secondItem="6Tk-OE-BBY" secondAttribute="bottom" id="Qwn-zH-nxr"/>
                            <constraint firstItem="T8c-D3-hrT" firstAttribute="leading" secondItem="6Tk-OE-BBY" secondAttribute="leading" constant="157" id="hNL-s1-jvL"/>
                            <constraint firstItem="Wj6-QR-7yq" firstAttribute="leading" secondItem="6Tk-OE-BBY" secondAttribute="leading" constant="50" id="lce-zR-YBa"/>
                            <constraint firstItem="2xs-CZ-tkR" firstAttribute="top" secondItem="9tn-pd-8Lg" secondAttribute="bottom" constant="91" id="plL-9k-c5j"/>
                            <constraint firstItem="Wj6-QR-7yq" firstAttribute="leading" secondItem="9tn-pd-8Lg" secondAttribute="leading" id="qwd-9c-zvY"/>
                            <constraint firstItem="2xs-CZ-tkR" firstAttribute="leading" secondItem="6Tk-OE-BBY" secondAttribute="leading" id="wNx-t8-x1F"/>
                        </constraints>
                    </view>
                    <navigationItem key="navigationItem" id="nFs-3n-ipt"/>
                    <connections>
                        <outlet property="commentText" destination="9tn-pd-8Lg" id="keX-Fh-tdm"/>
                        <outlet property="mapView" destination="2xs-CZ-tkR" id="l8b-xU-iYg"/>
                        <outlet property="nameText" destination="Wj6-QR-7yq" id="li4-NN-HpS"/>
                    </connections>
                </viewController>
                <placeholder placeholderIdentifier="IBFirstResponder" id="dkx-z0-nzr" sceneMemberID="firstResponder"/>
            </objects>
            <point key="canvasLocation" x="1047.8260869565217" y="101.78571428571428"/>
        </scene>
        <!--Navigation Controller-->
        <scene sceneID="omv-eD-Q8o">
            <objects>
                <navigationController automaticallyAdjustsScrollViewInsets="NO" id="a8F-Qi-lad" sceneMemberID="viewController">
                    <toolbarItems/>
                    <navigationBar key="navigationBar" contentMode="scaleToFill" id="GEA-ab-Ntw">
                        <rect key="frame" x="0.0" y="44" width="414" height="44"/>
                        <autoresizingMask key="autoresizingMask"/>
                    </navigationBar>
                    <nil name="viewControllers"/>
                    <connections>
                        <segue destination="Lml-fC-X66" kind="relationship" relationship="rootViewController" id="OMV-Tb-0tC"/>
                    </connections>
                </navigationController>
                <placeholder placeholderIdentifier="IBFirstResponder" id="eAE-XJ-D9Z" userLabel="First Responder" customClass="UIResponder" sceneMemberID="firstResponder"/>
            </objects>
            <point key="canvasLocation" x="-636.23188405797111" y="112.5"/>
        </scene>
    </scenes>
    <resources>
        <systemColor name="systemBackgroundColor">
            <color white="1" alpha="1" colorSpace="custom" customColorSpace="genericGamma22GrayColorSpace"/>
        </systemColor>
    </resources>
</document>
