<?xml version="1.0" encoding="UTF-8" standalone="yes"?>
<model type="com.apple.IDECoreDataModeler.DataModel" documentVersion="1.0" lastSavedToolsVersion="19574" systemVersion="21C52" minimumToolsVersion="Automatic" sourceLanguage="Swift" userDefinedModelVersionIdentifier="">
    <entity name="Paintings" representedClassName="Paintings" syncable="YES" codeGenerationType="class">
        <attribute name="artist" optional="YES" attributeType="String"/>
        <attribute name="id" optional="YES" attributeType="UUID" usesScalarValueType="NO"/>
        <attribute name="image" optional="YES" attributeType="Binary"/>
        <attribute name="name" optional="YES" attributeType="String"/>
        <attribute name="year" optional="YES" attributeType="Integer 32" defaultValueString="0" usesScalarValueType="YES"/>
    </entity>
    <elements>
        <element name="Paintings" positionX="-63" positionY="-18" width="128" height="104"/>
    </elements>
</model>